,WORD_LENGTH,WORD_FREQUENCY,GPT2_Surprisal,TXL_Surprisal,CTRL_Surprisal,GPT2XL_Surprisal
WORD_LENGTH,1.0,-0.7114142822608024,0.5087972937171805,0.3969092779952379,0.5971217045172716,0.42927137466129056
WORD_FREQUENCY,-0.7114142822608024,1.0,-0.4936223359233543,-0.4650917556713454,-0.5628334699609889,-0.41108242141928286
GPT2_Surprisal,0.5087972937171805,-0.4936223359233543,1.0,0.7339391069593109,0.791722852038114,0.904188279035525
TXL_Surprisal,0.3969092779952379,-0.4650917556713454,0.7339391069593109,1.0,0.6560420550222934,0.6685520924442551
CTRL_Surprisal,0.5971217045172716,-0.5628334699609889,0.791722852038114,0.6560420550222934,1.0,0.7273313645753402
GPT2XL_Surprisal,0.42927137466129056,-0.41108242141928286,0.904188279035525,0.6685520924442551,0.7273313645753402,1.0
