,WORD_LENGTH,WORD_FREQUENCY,GPT2_Surprisal,TXL_Surprisal,CTRL_Surprisal,GPT2XL_Surprisal
WORD_GAZE_DURATION,0.595452234775069,-0.4711867268827854,0.42090323772119403,0.3358782476254488,0.4443266987838923,0.38586529870875874
WORD_FIRST_FIXATION_DURATION,0.5137466207621104,-0.415043798438,0.3688475828732405,0.3063334586681014,0.3883578005084024,0.3395903165715688
WORD_TOTAL_READING_TIME,0.5832278360777117,-0.45066072070419066,0.4410298046344937,0.3377844363128454,0.4509110582481528,0.4120396825783429
WORD_SKIP,-0.6138215423572232,0.46601713112870324,-0.3506379471327019,-0.2907629778220763,-0.39798034796620724,-0.30544919643847435
